chr,start,mappability,gc_content,end,NAT_X_SYN_004,NAT_X_SYN_042,NAT_X_SYN_044,NAT_X_SYN_051,NAT_X_SYN_054
1,0,0.998692,0.64373,100000,4445,4699,4729,4454,3429
1,100000,1,0.62345,200000,4225,4791,4707,4115,3377
1,200000,0.998639,0.62097,300000,4488,4863,4952,4395,3908
1,300000,0.999675,0.59709,400000,4550,5072,4575,4284,3459
1,400000,0.998529,0.63318,500000,3985,4490,4434,4037,3390
1,500000,0.998761,0.63825,600000,4310,4285,4731,4021,3285
1,600000,0.99947,0.64127,700000,4149,4989,5136,4594,3737
1,700000,0.996095,0.62669,800000,4085,5859,6357,5494,4842
1,800000,0.997258,0.61498,900000,4189,4765,4787,4142,3493
1,900000,1,0.63594,1000000,4090,4403,4602,4019,3259
1,1000000,0.999065,0.61612,1100000,4230,4852,4601,4183,3455
1,1100000,0.997698,0.64258,1200000,4251,4707,4563,4027,3331
1,1200000,1,0.63634,1300000,3963,4642,4467,4085,3212
1,1300000,0.999955,0.62112,1400000,4211,4834,4749,4232,3541
1,1400000,0.983443,0.62753,1500000,4178,4768,4482,4096,3540
1,1500000,0.9834,0.64574,1600000,4001,4371,4512,4043,3368
1,1600000,0.99884,0.62369,1700000,4156,4712,4616,4464,3480
1,1700000,1,0.62742,1800000,4088,4665,4579,4083,3212
1,1800000,0.999745,0.63651,1900000,4131,4606,4432,4100,3291
1,1900000,0.998837,0.62542,2000000,4398,4970,4773,4388,3575
1,2000000,1,0.61111,2100000,4413,5368,4878,4303,3822
1,2100000,0.99992,0.62112,2200000,4517,4936,5070,4339,3914
1,2200000,0.989658,0.61482,2300000,4050,3429,4683,4018,3497
1,2300000,0.998395,0.6282,2400000,4184,3345,4630,4131,3511
1,2400000,0.978835,0.61545,2500000,4037,3401,4436,4026,3352
1,2500000,0.990613,0.62493,2600000,4631,3652,4939,4179,3659
1,2600000,1,0.63111,2700000,4471,3809,5019,4539,3756
1,2700000,0.908891,0.62254,2800000,4059,3642,4555,4161,3552
1,2800000,0.995622,0.63732,2900000,4455,3713,4829,4249,3612
1,2900000,0.99959,0.62499,3000000,4648,3601,5102,4262,3886
1,3000000,0.999297,0.63363,3100000,4311,3377,4650,4111,3436
1,3100000,0.99931,0.61556,3200000,4446,3524,4822,4193,3534
1,3200000,1,0.62852,3300000,4520,3567,4529,4336,3625
1,3300000,0.997255,0.61845,3400000,4218,3462,4662,4070,3454
1,3400000,0.999995,0.63692,3500000,4353,3450,4503,4173,3484
1,3500000,1,0.64671,3600000,4206,3342,4591,4233,3327
1,3600000,1,0.62174,3700000,4545,3835,4722,4350,3654
1,3700000,0.96511,0.63492,3800000,4118,3453,4568,3894,3448
1,3800000,0.99829,0.63553,3900000,4329,3567,5028,4332,3816
1,3900000,0.99957,0.64191,4000000,4244,3358,4751,4094,3462
1,4000000,0.999812,0.64466,4100000,4275,3484,4585,4326,3521
1,4100000,0.998472,0.64391,4200000,4084,3328,4483,4160,3342
1,4200000,0.9995,0.63839,4300000,3842,3289,4564,3782,3204
1,4300000,1,0.63517,4400000,5773,4591,5814,5441,4492
1,4400000,0.994054,0.63753,4500000,4103,3487,4494,4172,3417
1,4500000,1,0.65912,4600000,14105,13707,17307,17856,16791
1,4600000,0.992852,0.65371,4700000,4100,3121,4556,3940,3355
1,4700000,0.998147,0.64268,4800000,3816,3122,4548,3848,3237
1,4800000,1,0.63346,4900000,4499,3573,5151,4336,3795
1,4900000,1,0.64436,5000000,4478,3575,5068,4594,3747
1,5000000,0.99924,0.63732,5100000,4087,3360,4437,4306,3291
1,5100000,0.99974,0.63048,5200000,4470,3606,4727,4498,3614
1,5200000,0.99964,0.60351,5300000,4447,3872,4641,4490,3835
1,5300000,1,0.633,5400000,4023,3268,4328,4148,3395
1,5400000,0.99997,0.61232,5500000,4185,3435,4665,3836,3220
1,5500000,0.99939,0.61104,5600000,4300,3840,4977,4533,3789
1,5600000,0.988669,0.63472,5700000,4459,3537,4870,4352,3612
1,5700000,0.998039,0.61959,5800000,4285,3501,4609,4237,3487
1,5800000,0.99964,0.63719,5900000,3871,3291,4506,3903,3252
1,5900000,0.996613,0.62824,6000000,4341,3526,4762,4038,3521
1,6000000,1,0.62268,6100000,4607,3900,4833,4565,3841
1,6100000,0.965667,0.63346,6200000,4272,3495,4719,4124,3354
1,6200000,0.966406,0.6322,6300000,4194,3250,4389,4130,3474
1,6300000,0.992475,0.62759,6400000,4430,3770,4866,4514,3724
1,6400000,0.99954,0.65238,6500000,4181,3262,4754,4127,3394
1,6500000,0.989551,0.64456,6600000,4156,3257,4654,4004,3423
1,6600000,0.996659,0.64088,6700000,4023,3225,4581,3934,3243
1,6700000,0.993123,0.64064,6800000,4205,3433,4522,4181,3452
1,6800000,1,0.64083,6900000,4861,3702,5066,4397,3842
1,6900000,1,0.63532,7000000,4294,3722,4691,4239,3635
1,7000000,0.995568,0.62338,7100000,4249,3315,4706,4135,3459
1,7100000,0.99706,0.63564,7200000,4327,3348,4919,4289,3614
1,7200000,0.996975,0.63375,7300000,5506,4701,6628,6132,5373
1,7300000,0.904655,0.6405,7400000,3928,3334,4134,4185,3253
1,7400000,0.99743,0.63269,7500000,4650,3567,4773,4383,3798
1,7500000,1,0.63358,7600000,4220,3495,4385,3933,3411
1,7600000,1,0.63477,7700000,4223,3518,4705,4164,3521
1,7700000,0.98433,0.65343,7800000,8453,7479,9042,9682,8752
1,7800000,0.99978,0.6565,7900000,3970,3268,4314,3905,3388
1,7900000,0.996589,0.64752,8000000,4145,3762,4349,3830,3283
1,8000000,1,0.63918,8100000,4472,4806,4688,4216,3538
1,8100000,0.999626,0.64699,8200000,4482,4682,4603,4117,3522
1,8200000,1,0.64919,8300000,4054,4532,4316,3907,3254
1,8300000,0.999805,0.64295,8400000,4530,4590,4746,4316,3525
1,8400000,0.96995,0.64113,8500000,3692,4131,3969,3603,3005
1,8500000,0.999875,0.64614,8600000,4360,4726,4726,4150,3744
1,8600000,0.996265,0.63017,8700000,4420,5050,4657,4433,3572
1,8700000,0.784346,0.62979,8800000,3666,4605,4060,3757,2959
1,8800000,0.72504,0.63298,8900000,3890,4328,3933,3726,2983
1,8900000,1,0.63186,9000000,4140,4429,4502,3724,3274
1,9000000,0.962754,0.62124,9100000,4442,5170,4401,4342,3583
1,9100000,0.99957,0.63913,9200000,4070,4604,4601,3991,3417
1,9200000,1,0.65696,9300000,4083,4342,4572,3929,3210
1,9300000,0.99675,0.66103,9400000,4360,4367,4894,4126,3631
1,9400000,0.99059,0.63135,9500000,4113,4513,4800,4197,3467
1,9500000,0.991532,0.63016,9600000,4000,4760,4180,3993,3142
1,9600000,0.951424,0.6255,9700000,4378,4871,4600,4363,3480
1,9700000,0.999825,0.63366,9800000,4187,4819,4295,4152,3461
1,9800000,0.997727,0.66724,9900000,4262,4458,4429,4182,3522
1,9900000,1,0.65109,10000000,4313,4595,4536,4245,3424
1,10000000,0.99835,0.64456,10100000,4076,4377,4596,4054,3362
1,10100000,0.999034,0.65648,10200000,4270,4541,4412,4156,3534
1,10200000,0.97934,0.64784,10300000,4313,4401,4722,4161,3416
1,10300000,0.995387,0.6402,10400000,4210,4664,4667,4267,3529
1,10400000,1,0.63032,10500000,4015,4786,4376,4032,3431
1,10500000,0.997735,0.67485,10600000,4126,3987,4186,4104,3214
1,10600000,0.99984,0.65369,10700000,4275,4649,4562,4255,3387
1,10700000,0.999895,0.63678,10800000,4531,4985,4499,4434,3605
1,10800000,0.998855,0.63738,10900000,4221,4502,4559,4107,3355
1,10900000,0.998595,0.65445,11000000,4811,4659,5113,4380,3836
1,11000000,0.999013,0.66284,11100000,4639,4593,4624,4480,3535
1,11100000,0.981555,0.64855,11200000,4890,5420,5621,5251,4556
1,11200000,0.99973,0.65257,11300000,3790,4218,4184,3825,3076
1,11300000,1,0.65361,11400000,4049,4401,4145,3787,3170
1,11400000,0.997918,0.65163,11500000,4005,4423,4158,3983,3307
1,11500000,0.999135,0.63939,11600000,3443,3974,4012,3426,2824
1,11600000,0.991218,0.65936,11700000,3909,4022,3974,3752,3046
1,11700000,0.975144,0.6656,11800000,9959,10652,13464,12381,11530
1,11800000,0.984249,0.6655,11900000,4023,4031,4178,3726,3103
1,11900000,0.998512,0.64603,12000000,4480,4598,5100,4397,3610
1,12000000,0.984432,0.65147,12100000,4282,4675,4809,4042,3378
1,12100000,0.996075,0.63606,12200000,4581,5209,4557,4436,3743
1,12200000,0.997105,0.65484,12300000,5145,5169,5739,5182,4097
1,12300000,0.993774,0.66699,12400000,4116,4346,4653,4114,3345
1,12400000,1,0.64343,12500000,4011,4612,4410,4055,3398
1,12500000,0.995876,0.65121,12600000,4494,4483,4560,4232,3303
1,12600000,0.954012,0.6438,12700000,4075,4169,4310,3792,3254
1,12700000,0.712791,0.65342,12800000,4183,4618,4632,4296,3600
1,12800000,0.926782,0.66429,12900000,3787,4322,4238,4087,3089
1,12900000,0.994559,0.66278,13000000,11582,12552,12883,14907,13754
1,13000000,0.992564,0.65988,13100000,3409,4318,4237,3839,3194
1,13100000,0.974339,0.64738,13200000,4055,4786,4122,4220,3243
1,13200000,0.99721,0.66826,13300000,5014,4773,4582,4746,3823
1,13300000,0.999725,0.66813,13400000,5822,5483,5221,5352,4489
1,13400000,0.980566,0.65783,13500000,3986,4444,3961,3995,3080
1,13500000,0.999865,0.64033,13600000,3732,4397,3914,3696,3100
1,13600000,0.992751,0.63416,13700000,4389,5052,4177,4391,3454
1,13700000,0.975627,0.63142,13800000,3770,4703,3549,3897,2992
1,13800000,0.969698,0.6461,13900000,4178,4700,4210,4352,3290
1,13900000,0.965919,0.62876,14000000,4655,5270,4751,4944,3896
1,14000000,0.992445,0.63927,14100000,4547,5128,4688,4376,3597
1,14100000,0.996867,0.63816,14200000,3959,4832,3964,4245,3238
1,14200000,0.960418,0.60179,14300000,3369,4366,3120,3432,2842
1,14300000,0.698071,0.6033,14400000,3028,3423,2795,2842,2282
1,14400000,0.826685,0.59042,14500000,3102,4071,2840,3025,2505
1,14500000,0.36676,0.22125,14600000,2483,2616,2238,2248,1712
1,14600000,0.431256,0.3567,14700000,2078,2569,2045,2320,1834
1,14700000,0.293901,0.34227,14800000,1563,2589,1416,1812,1391
1,14800000,0.547223,0.58532,14900000,3093,3655,2889,3117,2713
1,14900000,0.676,0.66469,15000000,3006,4624,2392,3299,2437
1,15000000,0.811162,0.62877,15100000,14863,16523,13220,15389,11980
1,15100000,0.707829,0.62602,15200000,6860,8557,6268,6594,5543
1,15200000,0.565465,0.62769,15300000,4636,5171,4317,4484,3538
1,15300000,0.47393,0.61435,15400000,3773,4268,3409,3627,2899
1,15400000,0.782073,0.58838,15500000,3928,4928,3631,4090,3048
1,15500000,0.99691,0.58747,15600000,10147,10596,9897,9775,7883
1,15600000,0.995284,0.63294,15700000,10137,9856,9913,10307,7255
1,15700000,0.989159,0.63286,15800000,29647,24791,30322,29365,23203
1,15800000,0.929628,0.61971,15900000,4398,5330,4357,4357,3510
1,15900000,0.997036,0.66345,16000000,3957,4316,4173,3905,3118
1,16000000,0.990873,0.63516,16100000,4750,5412,4448,5041,3799
1,16100000,0.997688,0.66037,16200000,4366,4810,4462,4596,3783
1,16200000,0.931633,0.65505,16300000,3366,4321,3813,3509,2930
1,16300000,0.977691,0.63784,16400000,3934,4799,4047,4109,3306
1,16400000,0.997082,0.66263,16500000,6696,6398,6236,6991,5001
1,16500000,0.977292,0.63719,16600000,8212,8187,7589,8245,6596
1,16600000,0.97947,0.63194,16700000,3692,4453,3918,3712,3042
1,16700000,0.998562,0.65553,16800000,4574,4553,4962,4384,3560
1,16800000,0.99818,0.68654,16900000,4088,3685,4098,4168,3118
1,16900000,0.997466,0.66992,17000000,3839,4211,3991,3794,3075
1,17000000,0.945822,0.63975,17100000,4790,5002,4557,4738,3784
1,17100000,0.98111,0.67345,17200000,4351,4599,5037,4409,3592
1,17200000,0.990802,0.65382,17300000,3805,4136,4151,3636,3113
1,17300000,0.99985,0.65418,17400000,5381,5642,6454,5693,4803
1,17400000,0.99924,0.65394,17500000,4369,4671,4357,4300,3556
1,17500000,0.98996,0.66108,17600000,4246,4244,4337,4087,3300
1,17600000,0.993012,0.65066,17700000,4203,4464,4524,4282,3449
1,17700000,1,0.64247,17800000,4219,4572,4699,4246,3427
1,17800000,0.997998,0.64367,17900000,4679,4971,5073,4688,3823
1,17900000,0.998353,0.63125,18000000,4412,5069,4762,4621,3812
1,18000000,0.972581,0.64781,18100000,4045,4600,4409,4022,3183
1,18100000,0.992667,0.64734,18200000,4651,4914,4902,4518,3708
1,18200000,1,0.65355,18300000,4497,4641,4689,4426,3460
1,18300000,0.99859,0.65022,18400000,4073,4213,4514,3813,3227
1,18400000,1,0.65059,18500000,3893,4176,4400,3788,3095
1,18500000,0.99867,0.63427,18600000,3638,4834,4460,4220,3398
1,18600000,0.99746,0.63884,18700000,4056,4658,4422,4015,3320
1,18700000,0.99653,0.65192,18800000,4297,4531,4492,4072,3318
1,18800000,0.985407,0.64268,18900000,4279,4629,4617,4140,3492
1,18900000,0.99959,0.655,19000000,4041,4272,4391,3806,3344
1,19000000,0.999435,0.66513,19100000,4821,4761,5322,4685,4079
1,19100000,0.998665,0.63343,19200000,4081,4703,4595,3952,3481
1,19200000,0.998445,0.6614,19300000,4234,4392,4630,4171,3271
1,19300000,0.980878,0.66413,19400000,4032,4164,4246,3728,3270
1,19400000,0.996423,0.66236,19500000,3899,4118,4061,3515,3141
1,19500000,0.99384,0.65018,19600000,4316,4462,4278,4136,3285
1,19600000,0.99791,0.65546,19700000,4195,4329,4393,4067,3332
1,19700000,0.992679,0.6631,19800000,5059,5088,6383,5611,4668
1,19800000,1,0.64645,19900000,4008,4191,4386,3926,3123
1,19900000,0.99508,0.64761,20000000,4217,4596,4490,3980,3296
1,20000000,0.99783,0.64211,20100000,4080,4469,4368,4198,3377
1,20100000,0.874741,0.66005,20200000,3562,3707,3795,3440,2880
1,20200000,1,0.63295,20300000,4599,4834,4775,4418,3675
1,20300000,0.998375,0.64659,20400000,5176,5723,5367,5021,4194
1,20400000,0.996713,0.66293,20500000,4384,4645,4632,4401,3465
1,20500000,0.999935,0.64174,20600000,4561,4922,4921,4532,3819
1,20600000,0.998707,0.63496,20700000,4340,4897,4490,4184,3469
1,20700000,1,0.63144,20800000,4006,4576,4218,3818,3160
1,20800000,0.996835,0.63195,20900000,4077,4639,4692,4148,3519
1,20900000,0.976937,0.6267,21000000,4443,5165,4520,4490,3593
1,21000000,1,0.65103,21100000,4034,4605,4774,4198,3391
1,21100000,0.999305,0.65864,21200000,6353,5786,7998,6742,5511
1,21200000,0.789782,0.66758,21300000,3488,3744,3513,3473,2783
1,21300000,0.939015,0.65579,21400000,4390,4719,4659,4215,3487
1,21400000,0.996725,0.64764,21500000,4651,4916,4869,4298,3794
1,21500000,0.972129,0.63457,21600000,4244,5079,4785,4234,3532
1,21600000,0.999865,0.66712,21700000,4203,4484,4304,4006,3257
1,21700000,0.804818,0.65388,21800000,2927,3879,3226,2819,2444
1,21800000,0.708607,0.64454,21900000,3296,4176,3521,3241,2724
1,21900000,0.999725,0.66363,22000000,4056,4336,4549,4218,3253
1,22000000,0.99358,0.64876,22100000,4232,4717,4546,4008,3402
1,22100000,0.99913,0.65951,22200000,4251,4681,4144,4109,3290
1,22200000,1,0.64223,22300000,3943,4778,4547,3978,3314
1,22300000,0.998955,0.63309,22400000,4293,5096,4858,4368,3682
1,22400000,0.999004,0.64513,22500000,4239,4969,4702,4234,3445
1,22500000,0.998577,0.65537,22600000,4840,5054,6385,5068,4384
1,22600000,0.993458,0.63286,22700000,4028,4972,4554,4207,3406
1,22700000,1,0.65756,22800000,4066,4581,4549,4045,3317
1,22800000,1,0.67507,22900000,3866,3898,4079,3555,3147
1,22900000,0.997987,0.63273,23000000,4509,5146,4896,4387,3888
1,23000000,1,0.66367,23100000,4034,4488,4440,3831,3322
1,23100000,0.975792,0.65783,23200000,3847,4409,4346,4076,3061
1,23200000,0.985344,0.65141,23300000,4106,4466,4578,4179,3296
1,23300000,0.99502,0.65771,23400000,4140,4657,4521,3931,3328
1,23400000,0.982207,0.64696,23500000,4490,4912,4951,4363,3549
1,23500000,0.991892,0.64135,23600000,4202,4896,4529,4029,3545
1,23600000,0.99918,0.64335,23700000,4753,4910,4971,4508,3548
1,23700000,1,0.64356,23800000,4399,4596,4348,3831,3309
1,23800000,1,0.6387,23900000,4221,4458,4431,3836,3443
1,23900000,0.996198,0.63654,24000000,4606,5170,4923,4497,3675
1,24000000,1,0.63275,24100000,4713,5103,4635,4573,3798
1,24100000,0.99984,0.63233,24200000,4139,4965,4607,4220,3532
1,24200000,0.983425,0.64034,24300000,5079,5580,5630,5326,4046
1,24300000,1,0.657,24400000,3913,4571,4298,3775,3300
1,24400000,0.997263,0.65023,24500000,4344,4993,4593,4348,3627
1,24500000,0.98082,0.66173,24600000,4014,4407,4369,3862,3209
1,24600000,1,0.66913,24700000,3976,4047,4179,3696,3204
1,24700000,0.99744,0.67191,24800000,5671,5527,7039,5656,5074
1,24800000,0.994645,0.65617,24900000,4150,4850,4422,4199,3458
1,24900000,0.997763,0.65253,25000000,4346,4596,4455,4150,3386
1,25000000,0.998003,0.65245,25100000,4033,4554,4687,4116,3227
1,25100000,1,0.65352,25200000,4604,5175,4811,4364,3633
1,25200000,1,0.64052,25300000,4526,5190,5008,4575,3854
1,25300000,0.993695,0.63525,25400000,4343,5237,4472,4243,3566
1,25400000,1,0.63683,25500000,4329,5192,4967,4524,3696
1,25500000,1,0.65774,25600000,4383,4877,4998,4313,3608
1,25600000,0.996866,0.66915,25700000,4292,4328,4306,4076,3332
1,25700000,1,0.65639,25800000,3793,4493,4350,3872,3282
1,25800000,1,0.65925,25900000,4383,4788,4648,4477,3414
1,25900000,1,0.64569,26000000,4076,4842,4380,4203,3390
1,26000000,1,0.63918,26100000,4118,4797,4372,3999,3460
1,26100000,0.994986,0.65482,26200000,4288,4741,4602,4169,3360
1,26200000,0.996365,0.66054,26300000,4293,4629,4606,4349,3376
1,26300000,0.999397,0.65823,26400000,4044,4560,4357,4215,3246
1,26400000,1,0.63518,26500000,4740,5065,5120,4558,3885
1,26500000,1,0.6494,26600000,4124,4596,4943,4162,3521
1,26600000,1,0.64792,26700000,4399,5068,4654,4413,3668
1,26700000,0.99921,0.65242,26800000,4174,4755,4694,4179,3343
1,26800000,0.995455,0.62152,26900000,4958,5569,5194,4423,4040
1,26900000,1,0.63295,27000000,4456,5014,4728,4182,3390
1,27000000,0.991195,0.6541,27100000,4041,4448,4141,3849,3230
1,27100000,1,0.63717,27200000,4015,4826,4648,3922,3289
1,27200000,0.999835,0.63031,27300000,4157,4954,4547,4043,3503
1,27300000,1,0.63471,27400000,4011,4773,4593,4210,3283
1,27400000,0.99994,0.62127,27500000,3604,4801,4354,3585,3143
1,27500000,0.999435,0.63412,27600000,4204,4854,4472,4065,3501
1,27600000,0.99699,0.64661,27700000,4480,4773,5101,4048,3624
1,27700000,1,0.63188,27800000,4206,4814,4574,4236,3483
1,27800000,1,0.62761,27900000,4230,5036,4658,4206,3601
1,27900000,0.998885,0.62125,28000000,4191,5243,4627,4222,3494
1,28000000,1,0.64048,28100000,4105,4776,4633,3827,3271
1,28100000,1,0.62516,28200000,4352,5018,5104,4130,3732
1,28200000,1,0.63608,28300000,4206,4647,4765,4046,3281
1,28300000,1,0.6649,28400000,4382,4529,4740,4124,3519
1,28400000,0.999615,0.6435,28500000,4221,4877,4634,4322,3445
1,28500000,0.997495,0.64329,28600000,4273,4818,4722,4160,3603
1,28600000,1,0.63751,28700000,4355,4984,4878,4231,3652
1,28700000,0.992858,0.64295,28800000,4544,5121,4886,4082,3705
1,28800000,0.989597,0.64564,28900000,4003,4570,4560,3946,3380
1,28900000,0.999755,0.64256,29000000,4009,4737,4533,3868,3327
1,29000000,1,0.6247,29100000,4269,5106,4836,4396,3589
1,29100000,1,0.63126,29200000,4019,4617,4562,4217,3304
1,29200000,0.999915,0.64754,29300000,4352,3592,4873,4051,3473
1,29300000,0.992228,0.66212,29400000,4324,3527,4708,4176,3464
1,29400000,0.997043,0.64599,29500000,4148,3426,4498,4057,3263
1,29500000,1,0.63573,29600000,3954,3565,4837,4206,3365
1,29600000,0.99977,0.62113,29700000,4296,3912,4780,4313,3636
1,29700000,0.99883,0.63097,29800000,4238,3432,4745,4196,3507
1,29800000,1,0.62608,29900000,4268,3785,4825,4296,3530
1,29900000,0.999663,0.62083,30000000,4637,4025,5158,4212,3845
1,30000000,1,0.5919,30100000,4740,4033,4704,4392,3745
1,30100000,1,0.60776,30200000,4335,3641,4742,4290,3483
1,30200000,0.996866,0.63122,30300000,3909,3464,4508,3892,3409
1,30300000,0.99741,0.62546,30400000,4056,3568,4573,4255,3397
2,0,0.830179,0.5373,100000,37820,22320,39792,32299,34970
2,100000,1,0.62728,200000,4306,3596,4588,4360,3566
2,200000,0.998535,0.65132,300000,4203,3395,4656,4122,3347
2,300000,0.999517,0.65299,400000,3926,3005,4195,3737,3222
2,400000,1,0.66339,500000,4164,3036,4365,3858,3416
2,500000,0.970508,0.66558,600000,3761,2834,3947,3801,2855
2,600000,1,0.6673,700000,3977,2998,4458,3945,3100
2,700000,0.991665,0.6633,800000,4401,3436,4772,4000,3770
2,800000,0.964135,0.65657,900000,4961,3670,5111,4531,3809
2,900000,0.988182,0.64919,1000000,3814,2984,3984,3716,3021
2,1000000,0.996608,0.66432,1100000,4450,3226,4976,3851,3648
2,1100000,1,0.66094,1200000,3990,2927,4059,3717,3102
2,1200000,0.995192,0.68645,1300000,3570,2533,3435,3273,2596
2,1300000,0.988692,0.68607,1400000,8805,7318,7844,9810,8810
2,1400000,0.99973,0.66542,1500000,4532,3426,4824,4249,3741
2,1500000,0.995896,0.65225,1600000,4109,3384,4404,4078,3429
2,1600000,0.994001,0.65036,1700000,4008,3239,4163,4023,3367
2,1700000,0.962007,0.65585,1800000,3984,3242,4259,4175,3246
2,1800000,0.984237,0.66063,1900000,21210,20598,23732,27713,25948
2,1900000,0.968323,0.65676,2000000,4424,3443,4542,4474,3537
2,2000000,0.979236,0.64922,2100000,10380,7123,10325,12061,10088
2,2100000,0.994104,0.66765,2200000,3952,3114,4252,4040,3259
2,2200000,0.99721,0.66887,2300000,4886,3769,5379,5009,4139
2,2300000,0.999475,0.64461,2400000,8210,7907,11246,10424,9335
2,2400000,0.986868,0.61901,2500000,4645,3749,4276,4636,3787
2,2500000,0.952506,0.62775,2600000,3972,3327,3962,4120,3392
2,2600000,0.979518,0.63389,2700000,4396,3438,4101,4097,3379
2,2700000,0.995776,0.62624,2800000,4108,3429,3991,4177,3395
2,2800000,0.993787,0.63105,2900000,4610,3672,4203,4785,3712
2,2900000,0.989232,0.65304,3000000,15980,13999,19898,19771,18549
2,3000000,0.988458,0.62744,3100000,4588,3985,4120,4569,3598
2,3100000,0.998446,0.65336,3200000,5090,3961,4759,4847,3981
2,3200000,0.943241,0.58077,3300000,40972,36255,40014,46930,38233
2,3300000,0.95166,0.55439,3400000,58083,52088,57509,67386,51318
2,3400000,0.987345,0.55327,3500000,57494,51593,56634,65848,50657
2,3500000,0.961802,0.62702,3600000,9350,7761,9070,10049,7676
2,3600000,0.915947,0.61537,3700000,79726,79461,67594,79383,66343
2,3700000,0.993928,0.61853,3800000,7392,6064,7503,6747,6253
2,3800000,0.998352,0.60239,3900000,3640,3146,3598,3818,3075
2,3900000,0.988065,0.61908,4000000,5430,4684,5385,5563,4332
2,4000000,0.998087,0.65524,4100000,4277,3327,4187,4214,3355
2,4100000,0.989409,0.61763,4200000,4901,3992,4511,4856,4087
2,4200000,0.980372,0.61342,4300000,5172,4170,4768,5339,4002
2,4300000,0.997205,0.65271,4400000,4122,3215,4143,4120,3178
2,4400000,0.998707,0.6311,4500000,2667,2324,2713,2861,2254
2,4500000,0.993105,0.62525,4600000,4778,4022,4536,5168,3948
2,4600000,0.982389,0.63817,4700000,4876,3919,4394,5003,3803
2,4700000,1,0.64776,4800000,4805,3505,4651,4753,3655
2,4800000,0.943792,0.61658,4900000,6854,4495,6139,7263,5316
2,4900000,0.95968,0.61683,5000000,4814,4050,4289,4842,3853
2,5000000,0.997774,0.63266,5100000,5204,4258,5228,5208,4309
2,5100000,0.990885,0.623,5200000,5266,4184,5034,5456,4018
2,5200000,0.865452,0.59223,5300000,4067,3492,4213,4097,3445
2,5300000,0.997766,0.58769,5400000,4362,3865,4167,4765,3687
2,5400000,0.98725,0.63784,5500000,4612,3777,4635,4683,3926
2,5500000,0.947206,0.62143,5600000,3804,3219,3983,3859,3084
2,5600000,0.998627,0.64492,5700000,3777,3074,4007,3882,3138
2,5700000,0.995767,0.6556,5800000,4148,3161,4252,4118,3183
2,5800000,0.985753,0.6287,5900000,3668,2998,3615,3715,2809
2,5900000,0.974896,0.64836,6000000,4404,3422,4506,4245,3596
2,6000000,0.996637,0.65133,6100000,3413,2551,3443,3399,2701
2,6100000,0.996952,0.637,6200000,3806,3225,3915,4007,3033
2,6200000,0.992941,0.66108,6300000,5150,3587,5084,4980,4099
2,6300000,0.977531,0.66042,6400000,4319,3363,4253,3890,3545
2,6400000,0.991279,0.65911,6500000,8198,4915,6908,9232,7155
2,6500000,0.951774,0.6511,6600000,3864,3265,4149,4154,3179
2,6600000,0.976192,0.6722,6700000,4322,3121,4528,4370,3285
2,6700000,0.981757,0.63252,6800000,4283,3656,4886,4031,3529
2,6800000,0.997422,0.64902,6900000,4452,3230,4787,4166,3438
2,6900000,0.995161,0.65091,7000000,4472,3616,4605,4283,3669
2,7000000,0.996465,0.65109,7100000,5522,4725,6226,5644,4905
2,7100000,0.99749,0.6537,7200000,5195,3874,5856,5181,4699
2,7200000,0.999138,0.65201,7300000,3745,3150,4057,3926,3200
2,7300000,0.99977,0.65511,7400000,4075,3056,4264,3839,3234
2,7400000,0.99828,0.64427,7500000,4366,3506,4493,4154,3596
2,7500000,0.997148,0.64921,7600000,4064,3269,4424,3921,3378
2,7600000,0.99947,0.64458,7700000,4016,3171,4232,3959,3264
2,7700000,1,0.64364,7800000,4051,3204,4240,3893,3316
2,7800000,1,0.66552,7900000,3964,2973,4305,3879,3135
2,7900000,0.999758,0.65863,8000000,8015,5588,9188,8738,7286
2,8000000,0.998792,0.66133,8100000,3995,2995,4404,4079,3057
2,8100000,0.999691,0.64164,8200000,4103,3396,4733,3984,3482
2,8200000,1,0.66214,8300000,3843,3022,4304,3720,3205
2,8300000,0.996164,0.6434,8400000,4302,3497,4735,4442,3587
2,8400000,0.999615,0.65208,8500000,10630,10233,13370,13731,12307
2,8500000,0.999113,0.65767,8600000,5435,4387,6285,5857,4996
2,8600000,0.99874,0.64662,8700000,4115,3182,4251,4100,3416
2,8700000,1,0.63795,8800000,3964,3182,4539,3641,3268
2,8800000,0.998925,0.64372,8900000,4148,3361,4487,4053,3268
2,8900000,0.99518,0.61894,9000000,8170,7305,8996,9088,8357
2,9000000,0.986374,0.63302,9100000,4222,3410,4529,4277,3402
2,9100000,0.99385,0.62146,9200000,4383,3719,4691,4420,3578
2,9200000,0.99775,0.63958,9300000,4438,3716,5041,4365,3589
2,9300000,0.99776,0.64236,9400000,5080,3877,5325,4684,4087
2,9400000,0.99958,0.65322,9500000,4115,3294,4742,4244,3288
2,9500000,0.999248,0.65599,9600000,4198,3047,4481,3939,3267
2,9600000,0.997333,0.66435,9700000,4026,2987,4315,3871,3172
2,9700000,1,0.67198,9800000,12910,11730,12922,15520,14475
2,9800000,0.999803,0.65537,9900000,5473,3953,5756,5829,4829
2,9900000,1,0.64841,10000000,3888,2985,4438,3697,3203
2,10000000,0.966566,0.65939,10100000,4428,3370,4441,3981,3359
2,10100000,0.998995,0.66726,10200000,4414,3230,4875,3810,3495
2,10200000,1,0.64433,10300000,4229,3273,4608,4214,3573
2,10300000,0.999605,0.64233,10400000,4395,3596,4773,4415,3499
2,10400000,0.998527,0.64809,10500000,5599,3961,5795,5783,4874
2,10500000,0.996711,0.65283,10600000,4543,3474,4752,4400,3502
2,10600000,0.993297,0.65436,10700000,8125,7042,9713,8904,7976
2,10700000,1,0.65197,10800000,4342,3346,4601,4208,3587
2,10800000,0.972881,0.63256,10900000,4190,3493,4808,4105,3469
2,10900000,1,0.64215,11000000,4324,3565,4537,4311,3499
2,11000000,0.999915,0.64333,11100000,4313,3640,4710,4316,3615
2,11100000,1,0.64838,11200000,4143,3293,4393,3993,3513
2,11200000,0.999293,0.65103,11300000,4052,3254,4488,4027,3335
2,11300000,0.99895,0.66425,11400000,4284,3197,4581,3865,3171
2,11400000,0.99903,0.64019,11500000,4362,3572,4626,4215,3602
2,11500000,0.999023,0.64658,11600000,4470,3795,4738,4361,3645
2,11600000,1,0.65794,11700000,4301,3532,4683,4193,3337
2,11700000,0.99774,0.64057,11800000,4329,3504,4736,4292,3436
2,11800000,0.999305,0.65334,11900000,4279,3375,4850,4342,3630
2,11900000,0.992996,0.65978,12000000,4134,3231,4705,3918,3413
2,12000000,0.9988,0.65052,12100000,4315,3501,4690,4369,3503
2,12100000,1,0.66509,12200000,3988,3130,4373,4063,3269
2,12200000,1,0.67423,12300000,5031,3593,5515,4850,4067
2,12300000,1,0.66673,12400000,4014,3085,4626,3875,3167
2,12400000,1,0.65013,12500000,4262,3402,4527,4157,3412
2,12500000,0.901526,0.6356,12600000,4365,3342,4243,4163,3456
2,12600000,0.998495,0.62949,12700000,4414,3744,4828,4467,3652
2,12700000,0.993212,0.64516,12800000,4579,3676,5190,4697,3917
2,12800000,0.998779,0.65605,12900000,6355,5134,6906,6967,6135
2,12900000,1,0.64863,13000000,4292,3432,4635,4256,3410
2,13000000,0.999537,0.64629,13100000,4302,3361,4634,4146,3457
2,13100000,0.99505,0.64565,13200000,4167,3327,4437,4140,3442
2,13200000,0.998128,0.66429,13300000,4283,3126,4570,4155,3347
2,13300000,0.996029,0.6495,13400000,4629,3603,4954,4229,3763
2,13400000,0.974011,0.63213,13500000,3967,3422,4472,4170,3335
2,13500000,0.99629,0.62649,13600000,4185,3454,4519,4025,3474
2,13600000,0.99955,0.63619,13700000,4149,3453,4747,4136,3548
2,13700000,0.99981,0.64602,13800000,4384,3478,4668,4295,3601
2,13800000,0.99936,0.63693,13900000,4433,3578,5006,4311,3530
2,13900000,0.99846,0.64576,14000000,4436,3438,4719,4168,3358
2,14000000,1,0.62512,14100000,4703,3982,5638,5087,4213
2,14100000,0.99848,0.63755,14200000,3853,3312,4748,3905,3236
2,14200000,0.99964,0.62993,14300000,4280,3428,4654,4123,3647
2,14300000,0.999324,0.6493,14400000,6413,5459,7690,6879,6096
2,14400000,0.995227,0.63884,14500000,4073,3407,4377,4004,3430
2,14500000,0.999173,0.63399,14600000,4028,3265,4706,4142,3271
2,14600000,0.99965,0.64628,14700000,4217,3266,4814,3973,3415
2,14700000,1,0.62071,14800000,4234,3460,4746,3952,3552
2,14800000,0.99997,0.63567,14900000,5133,3782,5453,4145,4181
2,14900000,0.999482,0.62294,15000000,4508,3757,5281,4526,3736
2,15000000,1,0.63667,15100000,4520,3605,4824,4252,3775
2,15100000,0.999525,0.64957,15200000,4530,3463,4784,4262,3506
2,15200000,1,0.63934,15300000,4241,3511,4686,4195,3562
2,15300000,0.999688,0.63915,15400000,4482,3697,5013,4179,3692
2,15400000,0.999305,0.64534,15500000,4328,3479,4788,4257,3673
2,15500000,0.998797,0.63963,15600000,4353,3329,4787,4085,3395
2,15600000,0.99786,0.63614,15700000,4496,3719,5000,4194,3764
2,15700000,1,0.64362,15800000,5577,4362,6513,5802,5017
2,15800000,1,0.63441,15900000,4234,3497,4591,4251,3420
2,15900000,1,0.64336,16000000,12044,11567,14177,14557,13918
2,16000000,0.98908,0.6456,16100000,4497,3499,4639,4273,3569
2,16100000,1,0.63811,16200000,4801,3792,5433,4551,4038
2,16200000,1,0.63939,16300000,4430,3507,4770,4365,3630
2,16300000,0.99581,0.65155,16400000,4507,3326,4333,4094,3427
2,16400000,1,0.63833,16500000,4189,3364,4735,4151,3386
2,16500000,1,0.63976,16600000,4209,3404,4518,4031,3343
2,16600000,0.999945,0.64554,16700000,4563,3663,4942,4149,3639
2,16700000,1,0.64189,16800000,4406,3469,5094,4174,3527
2,16800000,0.998991,0.64694,16900000,4264,3507,4558,4292,3556
2,16900000,0.997957,0.63366,17000000,4599,3663,5180,4247,3914
2,17000000,0.991079,0.6303,17100000,4275,3611,4692,4456,3578
2,17100000,1,0.63701,17200000,4300,3657,4958,4413,3748
2,17200000,0.9974,0.64982,17300000,4107,3109,4310,3913,3213
2,17300000,0.999565,0.62907,17400000,4358,3566,4365,4346,3504
2,17400000,1,0.63567,17500000,4355,3312,4469,4230,3358
2,17500000,1,0.62713,17600000,4425,3457,4701,4304,3629
2,17600000,1,0.63056,17700000,4345,3435,4719,3975,3480
2,17700000,1,0.63259,17800000,4236,3427,4623,4289,3459
2,17800000,1,0.64011,17900000,4238,3362,4409,4143,3334
2,17900000,1,0.64378,18000000,4461,4067,5253,5021,4197
2,18000000,1,0.63729,18100000,4109,3364,4828,4161,3370
2,18100000,0.99521,0.63092,18200000,4139,3232,4650,4325,3167
2,18200000,1,0.63145,18300000,4104,3424,4795,4151,3427
2,18300000,1,0.64347,18400000,4006,3377,4787,4000,3502
2,18400000,0.999965,0.63844,18500000,4421,3389,4487,4021,3446
2,18500000,0.998745,0.63832,18600000,4095,3259,4432,3956,3333
2,18600000,0.99691,0.63567,18700000,4216,3351,4664,4093,3417
2,18700000,0.997297,0.62331,18800000,4135,3443,4700,4087,3563
2,18800000,1,0.63205,18900000,4073,3348,4467,4023,3423
2,18900000,1,0.61546,19000000,4826,4244,5536,5126,4361
2,19000000,0.99456,0.63345,19100000,4194,3431,4939,4111,3691
2,19100000,0.991315,0.65662,19200000,4378,3077,4443,3993,3398
2,19200000,0.995175,0.64129,19300000,4482,3479,4776,4120,3458
2,19300000,1,0.63274,19400000,4177,3156,4756,3896,3185
2,19400000,1,0.6286,19500000,4187,2723,3918,3256,2824
2,19500000,0.99918,0.61416,19600000,4323,2287,3044,2714,2309
3,0,0.999,0.629,100000,4448,3593,5178,4167,3698
3,100000,1,0.6333,200000,4338,3492,4651,4240,3214
3,200000,1,0.59947,300000,5025,3952,5425,4489,4000
3,300000,1,0.60624,400000,4440,3449,4722,4273,3385
3,400000,0.999785,0.62328,500000,4391,3734,4893,4223,3675
3,500000,0.998937,0.6225,600000,4265,3474,5237,4204,3576
3,600000,1,0.62859,700000,4087,3177,4858,3832,3367
3,700000,0.99653,0.63273,800000,4425,3657,4915,4470,3608
3,800000,1,0.6413,900000,3895,3173,4655,4008,3285
3,900000,0.99423,0.63307,1000000,4757,3708,5217,4460,3847
3,1000000,1,0.63835,1100000,4194,3309,4834,4063,3434
3,1100000,0.993757,0.63279,1200000,4491,3375,4655,4210,3536
3,1200000,0.99961,0.62812,1300000,3990,3111,4355,3773,3178
3,1300000,1,0.63482,1400000,4103,3276,4486,4175,3439
3,1400000,0.9985,0.64646,1500000,4250,3246,4609,4042,3359
3,1500000,0.994045,0.62556,1600000,4054,3185,4513,4166,3182
3,1600000,0.99918,0.62509,1700000,4233,3562,4867,4323,3479
3,1700000,1,0.63858,1800000,4508,3615,5140,4225,3907
3,1800000,1,0.63057,1900000,4432,3412,4687,3937,3635
3,1900000,0.989203,0.62409,2000000,4201,3385,4256,4350,3468
3,2000000,1,0.63289,2100000,4972,3946,5189,4816,3887
3,2100000,0.999265,0.62307,2200000,4207,3494,4334,4103,3453
3,2200000,0.995259,0.61883,2300000,4536,3723,4875,4049,3624
3,2300000,0.994543,0.62642,2400000,4021,3525,4773,4269,3517
3,2400000,1,0.61815,2500000,4374,3543,4772,3997,3674
3,2500000,1,0.63309,2600000,4291,3486,4604,4168,3374
3,2600000,0.999618,0.61424,2700000,4190,3363,4428,3993,3317
3,2700000,0.99549,0.60935,2800000,4069,3408,4702,3805,3368
3,2800000,0.950097,0.63282,2900000,3844,3304,4560,4006,3256
3,2900000,0.990312,0.60997,3000000,4442,3687,5100,4011,3672
3,3000000,0.9985,0.63276,3100000,4307,3383,4813,4209,3622
3,3100000,0.986684,0.6191,3200000,4356,3695,4818,4407,3584
3,3200000,1,0.62778,3300000,4175,3362,4729,4307,3409
3,3300000,1,0.61367,3400000,6142,3695,4924,4133,3503
3,3400000,0.99904,0.6319,3500000,4360,3456,4823,4064,3301
3,3500000,1,0.63527,3600000,4250,3516,4882,4290,3497
3,3600000,1,0.64148,3700000,4391,3427,4786,4176,3575
3,3700000,0.99995,0.63529,3800000,3881,3296,4862,3890,3241
3,3800000,0.979495,0.62545,3900000,4410,3999,5239,4479,3783
3,3900000,0.999705,0.61402,4000000,4369,3486,4658,4242,3384
3,4000000,1,0.62396,4100000,4228,3377,4576,4145,3491
3,4100000,1,0.62333,4200000,4493,3483,4665,4150,3497
3,4200000,1,0.62417,4300000,5478,5065,6512,5110,5350
3,4300000,1,0.62815,4400000,4060,3337,4746,3958,3482
3,4400000,0.99536,0.63743,4500000,4741,3578,4803,4164,3750
3,4500000,0.998667,0.63493,4600000,4308,3576,4676,4225,3565
3,4600000,1,0.62324,4700000,4514,3617,5072,4483,3776
3,4700000,0.9835,0.63877,4800000,3607,3116,4217,3707,3062
3,4800000,0.99958,0.63578,4900000,4341,3448,4584,4298,3520
3,4900000,1,0.62778,5000000,4254,3505,4715,4008,3368
3,5000000,1,0.61453,5100000,4489,3919,5340,4636,3804
3,5100000,0.99901,0.6336,5200000,4087,3291,4637,4026,3348
3,5200000,0.99933,0.64646,5300000,4583,3591,4839,4311,3617
3,5300000,0.99962,0.63867,5400000,4210,3500,4728,4013,3350
3,5400000,1,0.64278,5500000,4066,3380,4400,3868,3296
3,5500000,0.996896,0.63991,5600000,4546,3506,4790,4357,3781
3,5600000,0.998765,0.6422,5700000,4302,3453,4735,4175,3411
3,5700000,0.999077,0.63373,5800000,4541,3656,4731,4357,3783
3,5800000,0.997245,0.64593,5900000,5031,3718,5558,4554,4089
3,5900000,0.996476,0.63547,6000000,4281,3629,4714,4289,3521
3,6000000,0.98344,0.6208,6100000,6400,4947,7184,6658,5976
3,6100000,0.9999,0.62209,6200000,4551,3680,4887,4533,3697
3,6200000,0.999935,0.62526,6300000,4152,3549,4663,4086,3513
3,6300000,0.99531,0.64144,6400000,4424,3521,4779,4058,3808
3,6400000,0.998268,0.63662,6500000,4509,3429,4880,4234,3665
3,6500000,0.99973,0.62903,6600000,4243,3229,4672,4036,3420
3,6600000,1,0.63162,6700000,4039,3182,4397,3894,3372
3,6700000,1,0.64133,6800000,4173,3478,4563,4165,3438
3,6800000,1,0.62649,6900000,4214,3379,4690,4070,3310
3,6900000,0.998352,0.63795,7000000,4183,3477,4604,4160,3499
3,7000000,1,0.61586,7100000,4372,3660,4839,4006,3806
3,7100000,1,0.64403,7200000,13378,10025,16208,15678,13481
3,7200000,0.995653,0.64861,7300000,4360,3529,4884,4347,3553
3,7300000,0.99988,0.63598,7400000,4089,3342,4396,3862,3366
3,7400000,1,0.62684,7500000,4702,3810,4954,4222,3817
3,7500000,1,0.64454,7600000,4518,3641,4640,4537,3746
3,7600000,1,0.64779,7700000,4698,3461,5027,3947,3877
3,7700000,0.975764,0.65726,7800000,4585,3623,4597,4440,3655
3,7800000,0.95281,0.64104,7900000,4822,3530,4924,4267,3714
3,7900000,0.999645,0.65162,8000000,4390,3462,4953,4386,3581
3,8000000,0.990628,0.63881,8100000,4517,3651,4974,4530,3810
3,8100000,0.996718,0.66927,8200000,4297,3033,4275,4195,3446
3,8200000,0.998425,0.67118,8300000,4010,3206,4394,3917,3358
3,8300000,1,0.66963,8400000,4281,3331,4688,4067,3379
3,8400000,0.999665,0.65964,8500000,4285,3486,4565,4011,3582
3,8500000,0.996986,0.64238,8600000,4739,3854,4920,4739,3856
3,8600000,0.99449,0.63287,8700000,4516,3450,4734,4333,3615
3,8700000,0.9929,0.65211,8800000,4275,3480,4555,4315,3431
3,8800000,0.957548,0.64774,8900000,4380,3470,4416,4411,3666
3,8900000,1,0.64864,9000000,3753,2976,4331,3797,3081
3,9000000,0.94017,0.63088,9100000,4195,3574,4350,4411,3546
3,9100000,0.99561,0.63842,9200000,4095,3351,4503,4126,3354
3,9200000,0.99883,0.64283,9300000,4298,3731,4943,4475,3688
3,9300000,0.999334,0.6746,9400000,4368,2918,4455,4155,3378
3,9400000,0.919075,0.65948,9500000,3757,3162,4356,3965,3390
3,9500000,0.999482,0.64687,9600000,3944,3118,4577,3812,3192
3,9600000,0.995786,0.63502,9700000,4004,3310,4124,4148,3238
3,9700000,0.902948,0.64524,9800000,3927,3122,4048,4062,3124
3,9800000,0.9995,0.65692,9900000,4601,3460,4902,4057,3651
3,9900000,0.99953,0.647,10000000,4351,3489,4818,4583,3653
3,10000000,0.994527,0.65071,10100000,5953,4618,7061,5550,5195
3,10100000,0.991433,0.64531,10200000,8044,7578,10315,9446,8841
3,10200000,1,0.65765,10300000,4096,3200,4402,3994,3257
3,10300000,0.997735,0.66244,10400000,3925,3107,4254,3998,3301
3,10400000,0.995823,0.66465,10500000,4091,3111,4127,4114,3130
3,10500000,0.932103,0.66934,10600000,3710,2742,3940,3679,2883
3,10600000,0.99836,0.65361,10700000,4820,3803,5151,4540,3962
3,10700000,0.996093,0.64943,10800000,4361,3509,4698,4260,3475
3,10800000,0.992705,0.67163,10900000,3883,2862,4071,3734,3010
3,10900000,0.998702,0.67073,11000000,8121,7303,10533,9376,8722
3,11000000,0.989674,0.66245,11100000,4118,3137,4139,4192,3107
3,11100000,0.995503,0.65725,11200000,4178,3212,4256,4158,3324
3,11200000,0.999178,0.66777,11300000,3812,3037,4283,3797,3201
3,11300000,0.984814,0.65907,11400000,4546,3711,4845,4913,4010
3,11400000,0.989847,0.64613,11500000,4350,3623,4417,4400,3620
3,11500000,0.971601,0.64522,11600000,4208,3412,4579,4356,3562
3,11600000,0.991147,0.64258,11700000,4767,3784,4775,4773,3631
3,11700000,0.995327,0.67064,11800000,3775,3043,3934,3841,2966
3,11800000,0.998375,0.66799,11900000,4568,3609,4664,4734,3757
3,11900000,0.96442,0.67744,12000000,4247,3262,4686,4158,3500
3,12000000,0.964372,0.62128,12100000,4347,3597,4264,4578,3543
3,12100000,0.997873,0.64262,12200000,4721,3703,4355,4456,3873
3,12200000,0.936921,0.61574,12300000,5121,4327,5000,5212,4047
3,12300000,0.99961,0.63614,12400000,4566,3812,4524,4636,3994
3,12400000,0.983627,0.612,12500000,4054,3571,4273,4415,3475
3,12500000,0.992874,0.60482,12600000,5113,4574,4957,5303,4242
3,12600000,0.982891,0.63323,12700000,10245,8372,10078,10272,7684
3,12700000,0.997095,0.62922,12800000,4295,3310,3846,4289,3305
3,12800000,0.995992,0.64319,12900000,3168,2318,3162,2844,2419
3,12900000,0.992409,0.61543,13000000,4240,3260,4014,3903,3086
3,13000000,0.996132,0.64253,13100000,2578,2062,2404,2529,2020
3,13100000,0.987306,0.61468,13200000,3648,3076,3597,3623,2823
3,13200000,0.993475,0.65479,13300000,3036,2363,3160,3008,2398
3,13300000,0.979938,0.63737,13400000,3227,2668,3070,3298,2704
3,13400000,0.993027,0.60606,13500000,6063,5092,6671,6352,5537
3,13500000,0.969749,0.62159,13600000,127643,128705,106488,138943,109339
3,13600000,0.877492,0.58799,13700000,15008,13696,12975,18125,9908
3,13700000,0.619285,0.60708,13800000,3391,2845,3208,3605,2770
3,13800000,0.862824,0.58718,13900000,4564,3824,4160,4631,3627
3,13900000,0.995499,0.60302,14000000,3567,2983,3029,3462,2848
3,14000000,0.993819,0.61611,14100000,3717,3161,3539,3945,3047
3,14100000,0.759213,0.58155,14200000,65880,34853,57941,49370,51587
3,14200000,0.94498,0.59991,14300000,47870,28590,44009,36196,39246
3,14300000,0.999672,0.63584,14400000,3669,2968,3531,3561,2801
3,14400000,0.994173,0.61963,14500000,3358,2601,3074,3199,2683
3,14500000,0.999945,0.61928,14600000,3091,2623,3042,3174,2497
3,14600000,0.990692,0.64955,14700000,4557,3495,4448,4268,3596
3,14700000,0.999965,0.61825,14800000,4679,3841,4560,4791,3650
3,14800000,0.992409,0.61541,14900000,4671,3760,4397,4855,3906
3,14900000,0.987154,0.63842,15000000,5021,3934,4772,4601,4079
3,15000000,0.998578,0.6325,15100000,4446,3726,4681,4742,3719
3,15100000,0.993842,0.60339,15200000,4714,4184,4851,4647,3907
3,15200000,0.990381,0.62982,15300000,4259,3395,4153,4364,3398
3,15300000,0.981212,0.63928,15400000,4140,3336,4196,4370,3313
3,15400000,0.966458,0.64254,15500000,3386,2665,3263,3334,2730
3,15500000,0.998053,0.60695,15600000,4019,3300,4206,4183,3149
3,15600000,0.998097,0.67106,15700000,4478,3284,4511,4156,3522
3,15700000,0.97867,0.64579,15800000,5084,4320,5022,5029,4099
3,15800000,0.995036,0.66245,15900000,4524,3426,4886,4503,3521
3,15900000,0.99889,0.66488,16000000,3888,2958,4136,4059,3186
3,16000000,0.968392,0.6697,16100000,5087,4115,5436,5014,4268
3,16100000,0.985925,0.66913,16200000,4126,3141,4424,4117,3339
3,16200000,0.987393,0.66815,16300000,3945,2959,4249,3869,3146
3,16300000,0.998455,0.64164,16400000,7714,6860,9418,8868,7653
3,16400000,0.99672,0.68327,16500000,4187,3064,4558,3887,3383
3,16500000,0.996614,0.67063,16600000,4055,3116,4232,4074,3317
3,16600000,0.992065,0.64527,16700000,4166,3126,4416,4075,3349
3,16700000,0.995195,0.6429,16800000,4571,3509,4531,4454,3820
3,16800000,0.99435,0.64615,16900000,4308,3331,4643,4421,3461
3,16900000,0.995235,0.65722,17000000,4205,3362,4265,4313,3400
3,17000000,0.992475,0.66145,17100000,3545,2942,4152,3515,2934
3,17100000,0.992344,0.64228,17200000,4416,3550,4611,4117,3586
3,17200000,0.998759,0.63656,17300000,9150,8365,11423,10385,9792
3,17300000,0.992991,0.63516,17400000,4306,3339,4583,4287,3604
3,17400000,0.953694,0.6489,17500000,3694,2953,4171,3667,3007
3,17500000,1,0.65561,17600000,4058,3415,4696,4368,3590
3,17600000,1,0.62914,17700000,4420,3507,4464,4395,3441
3,17700000,0.98977,0.63576,17800000,3988,3222,4463,4061,3298
3,17800000,1,0.64266,17900000,4129,3400,4660,4203,3362
3,17900000,1,0.64499,18000000,4035,3345,4412,4098,3405
3,18000000,0.995875,0.64675,18100000,4422,3347,4750,3867,3383
3,18100000,0.999153,0.63621,18200000,4807,3886,5089,4743,3718
3,18200000,1,0.64815,18300000,4289,3377,4762,4026,3480
3,18300000,0.999313,0.63825,18400000,4157,3293,4772,4136,3452
3,18400000,0.999715,0.64663,18500000,5642,4514,6354,5636,4147
3,18500000,0.998565,0.6542,18600000,3971,3304,4470,4005,3308
3,18600000,0.996184,0.63277,18700000,4047,3284,4512,4089,3347
3,18700000,0.987308,0.66222,18800000,4395,3332,4732,4147,3557
3,18800000,0.996947,0.65633,18900000,5416,4334,5828,5657,4842
3,18900000,0.999603,0.63684,19000000,4264,3351,4634,4160,3506
3,19000000,1,0.61859,19100000,4310,3678,4771,4315,3589
3,19100000,0.993621,0.62613,19200000,4498,3588,4750,4201,3622
3,19200000,1,0.63676,19300000,10130,7298,10719,11810,9969
3,19300000,1,0.61733,19400000,10715,10302,11206,13046,11844
3,19400000,1,0.65572,19500000,3911,3016,4450,4031,3184
3,19500000,0.998964,0.65163,19600000,5091,3729,5146,4348,4164
3,19600000,0.999695,0.6376,19700000,4096,3546,4595,4167,3488
3,19700000,0.998285,0.63876,19800000,4271,3583,4890,4251,3489
3,19800000,1,0.62881,19900000,4239,3536,4835,4230,3457
3,19900000,1,0.6295,20000000,4058,3339,4406,4001,3250
3,20000000,1,0.62972,20100000,3963,3475,4745,4075,3516
3,20100000,1,0.62984,20200000,4070,3431,4500,4044,3490
3,20200000,0.995043,0.62531,20300000,4370,3640,4848,4241,3613
3,20300000,1,0.63316,20400000,4031,3344,4601,3910,3487
3,20400000,0.963332,0.63222,20500000,4185,3464,4448,4193,3525
3,20500000,0.998245,0.63554,20600000,4357,3569,4812,4208,3658
3,20600000,0.999825,0.65783,20700000,4755,3657,5057,4704,4074
3,20700000,0.997567,0.64248,20800000,4148,3635,4853,4183,3475
3,20800000,0.997868,0.63178,20900000,4192,3650,4657,4291,3467
3,20900000,0.999275,0.63003,21000000,5674,5151,6231,6200,5347
3,21000000,0.999988,0.63224,21100000,4148,3425,4801,4260,3451
3,21100000,1,0.63454,21200000,4214,3403,4707,3839,3314
3,21200000,1,0.63322,21300000,4492,3593,4925,4215,3643
3,21300000,0.999988,0.63562,21400000,4411,3732,4862,4521,3568
3,21400000,1,0.63082,21500000,4004,3183,4506,3968,3212
3,21500000,1,0.64934,21600000,4959,3796,5352,4392,4057
3,21600000,1,0.62927,21700000,4441,3510,4914,4286,3517
3,21700000,1,0.6212,21800000,4444,3821,5027,4418,3704
3,21800000,1,0.63143,21900000,4487,3765,5107,4416,3665
3,21900000,1,0.63195,22000000,4476,3787,4922,4532,3698
3,22000000,0.979488,0.63638,22100000,4035,3394,4538,4145,3392
3,22100000,0.998825,0.63721,22200000,4172,3286,4649,4101,3508
3,22200000,0.992,0.62924,22300000,4203,3421,4707,4377,3528
3,22300000,0.96102,0.63211,22400000,4033,3405,4563,4066,3451
3,22400000,1,0.62874,22500000,4410,3705,4952,4485,3725
3,22500000,0.898028,0.61236,22600000,3921,3317,4490,3987,3354
3,22600000,0.971874,0.64082,22700000,4556,3729,5117,4515,3680
3,22700000,0.978058,0.63256,22800000,4225,3461,4597,4274,3533
3,22800000,1,0.62528,22900000,4093,3480,4746,4120,3525
3,22900000,1,0.6514,23000000,4486,3429,4765,4371,3440
3,23000000,1,0.62026,23100000,4073,3562,4808,3977,3329
3,23100000,0.97809,0.62573,23200000,4171,3005,4097,3565,2998
3,23200000,0.99826,0.62291,23300000,4623,3646,4984,4305,3854
3,23300000,1,0.60791,23400000,4178,3560,4586,4282,3410
4,0,0.988307,0.62105,100000,4525,3461,4583,2460,3414
4,100000,0.99913,0.63525,200000,4277,3436,4733,2273,3318
4,200000,0.999985,0.61889,300000,4222,3333,4377,2323,3439
4,300000,0.999472,0.63888,400000,4006,3126,4478,2286,3174
4,400000,0.99792,0.63847,500000,4324,3500,4609,2663,3626
4,500000,0.99981,0.64246,600000,4065,3206,4464,2192,3343
4,600000,0.997282,0.66289,700000,4183,3177,4458,2427,3323
4,700000,0.998295,0.65235,800000,4063,3087,4426,2151,3043
4,800000,0.998832,0.63278,900000,3726,3093,4211,1904,3050
4,900000,0.999845,0.64228,1000000,3890,3107,4082,2026,3007
4,1000000,0.994027,0.64306,1100000,3930,3152,4580,2183,3257
4,1100000,0.999215,0.62931,1200000,4083,3342,4750,2303,3413
4,1200000,0.999835,0.65003,1300000,4382,3319,4953,2461,3418
4,1300000,0.997103,0.64523,1400000,4343,3559,4734,2488,3605
4,1400000,0.99374,0.62723,1500000,4225,3484,4619,2266,3408
4,1500000,0.99901,0.63266,1600000,4589,4050,5662,3075,4120
4,1600000,0.990841,0.61856,1700000,3165,2481,3184,1073,2528
4,1700000,0.946404,0.63488,1800000,2652,2017,2780,775,2004
4,1800000,0.987132,0.62684,1900000,4675,3681,4463,2373,3750
4,1900000,0.983339,0.62358,2000000,4255,3588,4288,2517,3530
4,2000000,0.995652,0.63051,2100000,4766,3771,4856,2957,3871
4,2100000,0.990555,0.63581,2200000,5152,3903,4917,3019,4025
4,2200000,0.99593,0.63658,2300000,4332,3344,4336,2484,3636
4,2300000,0.998617,0.65998,2400000,4030,3117,4175,2208,3194
4,2400000,0.997653,0.65845,2500000,3812,2978,4176,2076,3145
4,2500000,1,0.65618,2600000,3504,3055,4309,2287,3230
4,2600000,0.985652,0.66088,2700000,3761,3097,4110,2212,3165
4,2700000,0.98307,0.637,2800000,4083,3250,4151,2301,3389
4,2800000,0.996751,0.62025,2900000,4371,3687,4290,2657,3475
4,2900000,0.819047,0.62833,3000000,40320,34183,42010,42312,32123
4,3000000,0.933997,0.58688,3100000,94234,77709,99642,91067,75516
4,3100000,0.985817,0.59422,3200000,5057,4270,4780,3239,4131
4,3200000,0.75346,0.6307,3300000,6014,4258,4668,2980,4170
4,3300000,0.999797,0.60513,3400000,4622,3830,4446,2776,3708
4,3400000,0.997994,0.60612,3500000,5414,4409,4623,3154,4255
4,3500000,0.993881,0.59977,3600000,5019,4273,4810,3139,4168
4,3600000,0.987503,0.57986,3700000,4847,4092,4721,2953,3956
4,3700000,0.93983,0.60805,3800000,5311,4534,5207,3537,4248
4,3800000,0.946381,0.61331,3900000,8437,7265,8274,5723,7131
4,3900000,0.898806,0.59166,4000000,80318,80316,67063,70103,68064
4,4000000,0.957184,0.64289,4100000,16737,14953,14498,10216,13378
4,4100000,0.996686,0.63332,4200000,4119,3474,4052,2311,3355
4,4200000,0.997362,0.62457,4300000,3647,2934,3579,1531,2909
4,4300000,0.9945,0.60584,4400000,3111,2673,2999,1195,2503
4,4400000,0.997449,0.61036,4500000,3169,2776,2931,1089,2436
4,4500000,0.951901,0.61863,4600000,3305,2660,3162,1398,2630
4,4600000,0.992975,0.65459,4700000,3847,2973,3481,1755,2941
4,4700000,0.995602,0.59402,4800000,6318,5511,7113,4710,5922
4,4800000,0.998659,0.65016,4900000,4204,3434,4166,2627,3252
4,4900000,0.985255,0.63578,5000000,4403,3490,4061,2409,3338
4,5000000,0.997061,0.58451,5100000,4615,3778,4683,2552,3678
4,5100000,0.994474,0.65391,5200000,4088,3304,4069,2455,3378
4,5200000,0.99659,0.6627,5300000,7221,5100,8337,5294,5987
4,5300000,0.977137,0.65566,5400000,4178,3211,4001,2278,3192
4,5400000,0.995583,0.66881,5500000,4339,3324,4424,2594,3361
4,5500000,0.976512,0.64969,5600000,12370,11513,15611,13079,13476
4,5600000,0.983674,0.6557,5700000,4083,3095,4230,2484,3242
4,5700000,0.99977,0.66532,5800000,4033,3158,4422,2326,3264
4,5800000,0.830696,0.64921,5900000,3822,3029,4159,2206,3128
4,5900000,0.912433,0.64138,6000000,3468,2836,3608,1916,2846
4,6000000,0.984688,0.66015,6100000,4449,3225,4514,2472,3520
4,6100000,0.994916,0.66837,6200000,4632,3286,4443,3087,3577
4,6200000,0.999085,0.65562,6300000,4445,3458,4520,2530,3545
4,6300000,0.987352,0.67202,6400000,4165,3009,4247,2359,3278
4,6400000,0.995798,0.65797,6500000,4258,3521,4398,2508,3490
4,6500000,0.989734,0.64379,6600000,3891,3250,4326,2068,3285
4,6600000,0.998077,0.65346,6700000,3676,2909,4040,2157,2886
4,6700000,0.999885,0.65144,6800000,4325,3529,4676,2436,3570
4,6800000,0.999765,0.66353,6900000,4730,3250,5128,2451,3691
4,6900000,0.99944,0.6407,7000000,4520,3582,4589,2529,3757
4,7000000,0.99562,0.64728,7100000,4104,3037,4252,2050,3170
4,7100000,0.99904,0.65588,7200000,4319,3235,4864,2279,3312
4,7200000,0.999915,0.65698,7300000,3712,3078,4376,2235,3057
4,7300000,0.987961,0.66796,7400000,4315,3328,5056,2852,3674
4,7400000,0.988935,0.65216,7500000,3946,3166,4350,2418,3242
4,7500000,0.99932,0.66535,7600000,4048,2990,4199,2482,3265
4,7600000,0.96624,0.66394,7700000,4295,3231,4432,2633,3242
4,7700000,0.989255,0.66136,7800000,4968,3656,5183,2951,3906
4,7800000,0.989296,0.67508,7900000,4529,3330,4908,3284,3661
4,7900000,1,0.65039,8000000,4164,3352,4387,2568,3426
4,8000000,0.995465,0.64107,8100000,4878,4008,5479,3103,4144
4,8100000,0.99968,0.63219,8200000,4357,3524,4537,2542,3556
4,8200000,1,0.63873,8300000,4082,3366,4449,2630,3328
4,8300000,1,0.64852,8400000,4037,3213,4217,2549,3311
4,8400000,0.9999,0.65351,8500000,4334,3274,4482,2638,3311
4,8500000,1,0.63221,8600000,4919,3796,5139,3071,4476
4,8600000,0.990737,0.63064,8700000,4087,3266,4546,2479,3256
4,8700000,0.987421,0.66999,8800000,3964,2931,4397,2160,3115
4,8800000,0.999945,0.65002,8900000,4454,3531,5036,3068,3879
4,8900000,0.999002,0.64801,9000000,3850,2910,4180,2468,3078
4,9000000,0.9625,0.64411,9100000,4091,3365,4255,2351,3320
4,9100000,0.99896,0.63902,9200000,4579,3488,5084,2680,3658
4,9200000,1,0.62261,9300000,4592,3750,4602,2609,3702
4,9300000,0.97781,0.63227,9400000,4174,3330,4654,2688,3462
4,9400000,0.996445,0.65159,9500000,4239,3297,4391,2544,3412
4,9500000,0.959871,0.62678,9600000,3913,3157,3981,2080,3209
4,9600000,1,0.61712,9700000,4507,3803,4483,2503,3654
4,9700000,0.99941,0.6407,9800000,4079,3567,4428,2734,3524
4,9800000,0.99993,0.65154,9900000,4210,3153,4472,2551,3249
4,9900000,0.995281,0.66778,10000000,4693,3504,4861,3149,3647
4,10000000,1,0.64096,10100000,7857,5970,11214,3700,7320
4,10100000,0.999825,0.65803,10200000,5204,4665,6114,3078,4818
4,10200000,0.995985,0.65048,10300000,5169,4132,6093,4077,4826
4,10300000,0.99985,0.65316,10400000,4213,3269,4945,2473,3487
4,10400000,0.999575,0.63454,10500000,3933,3193,4349,2267,3251
4,10500000,0.906656,0.66296,10600000,3622,2685,3846,1880,2797
4,10600000,1,0.63516,10700000,4226,3392,4735,2495,3321
4,10700000,0.999852,0.65719,10800000,3973,3160,4292,2490,3148
4,10800000,0.9996,0.64363,10900000,4189,3362,4379,2409,3378
4,10900000,0.992922,0.65927,11000000,4003,3189,4056,2276,3165
4,11000000,0.563934,0.61109,11100000,3262,2730,3126,1383,2686
4,11100000,0.943989,0.62539,11200000,4095,3292,4330,2493,3355
4,11200000,0.99776,0.63893,11300000,4111,3337,4693,2720,3498
4,11300000,0.994459,0.65675,11400000,4037,3271,4513,2531,3280
4,11400000,1,0.63748,11500000,4391,3441,4626,2829,3555
4,11500000,0.99936,0.64786,11600000,4556,3591,4766,2925,3640
4,11600000,0.986713,0.65089,11700000,4149,3218,4490,2706,3397
4,11700000,0.996055,0.6399,11800000,4122,3535,4688,2897,3547
4,11800000,0.99218,0.64402,11900000,4517,3659,4770,2918,3728
4,11900000,0.99194,0.65252,12000000,4256,3377,4534,2911,3399
4,12000000,1,0.64749,12100000,4226,3374,4287,2498,3463
4,12100000,0.99286,0.62882,12200000,4657,3796,5065,2944,3640
4,12200000,1,0.64871,12300000,4667,3708,4855,3013,3634
4,12300000,1,0.64899,12400000,4448,3454,4877,2731,3600
4,12400000,0.9985,0.64588,12500000,4207,3271,4500,2583,3464
4,12500000,1,0.6295,12600000,4204,3413,4688,2577,3458
4,12600000,0.99877,0.62332,12700000,4473,3750,4933,2824,3619
4,12700000,1,0.6233,12800000,4626,3700,4797,2621,3884
4,12800000,0.999475,0.63325,12900000,4083,3802,4627,2526,3345
4,12900000,1,0.63183,13000000,4367,3448,4719,2747,3492
4,13000000,1,0.6204,13100000,4507,3634,4643,2711,3591
4,13100000,1,0.62931,13200000,4050,3450,4560,2592,3260
4,13200000,1,0.65183,13300000,4606,3609,4843,2840,3737
4,13300000,0.999205,0.61873,13400000,4312,3532,4499,2434,3483
4,13400000,1,0.61898,13500000,4574,3686,4924,2664,3865
4,13500000,0.999668,0.62205,13600000,4195,3461,4615,2536,3278
4,13600000,0.98545,0.62947,13700000,3773,3091,4072,2104,3117
4,13700000,0.99412,0.62369,13800000,4215,3627,4930,2550,3448
4,13800000,0.99896,0.62898,13900000,4188,3439,4680,2735,3620
4,13900000,0.999615,0.61908,14000000,4509,3710,4971,2955,3588
4,14000000,1,0.62806,14100000,4596,3617,5185,2674,3786
4,14100000,1,0.64271,14200000,4086,3289,4394,2357,3300
4,14200000,0.973096,0.62746,14300000,3898,3305,4318,2410,3292
4,14300000,0.999747,0.66065,14400000,3876,2838,4048,2308,3186
4,14400000,1,0.64028,14500000,4641,3534,5033,2738,3758
4,14500000,1,0.63003,14600000,4386,3512,4660,2850,3787
4,14600000,1,0.64722,14700000,4682,3688,5291,2920,3944
4,14700000,1,0.65194,14800000,4014,3143,4282,2445,3095
4,14800000,1,0.65302,14900000,4396,3409,4752,2803,3448
4,14900000,0.998905,0.63655,15000000,4661,3834,5130,3079,3814
4,15000000,0.999203,0.63061,15100000,4675,3775,5107,3037,3721
4,15100000,1,0.61115,15200000,4271,3661,4444,2615,3644
4,15200000,0.99089,0.62857,15300000,3980,3313,4587,2213,3243
4,15300000,0.999205,0.62994,15400000,3657,3211,4463,2475,3150
4,15400000,0.999625,0.63673,15500000,4014,3156,4646,2471,3282
4,15500000,0.977312,0.62115,15600000,4151,3364,4649,2388,3189
4,15600000,1,0.63759,15700000,4117,3183,4690,2461,3358
4,15700000,1,0.62347,15800000,4093,3368,4677,2519,3524
4,15800000,1,0.6406,15900000,4245,3498,4478,2566,3441
4,15900000,0.999447,0.63742,16000000,4128,3452,4947,2811,3451
4,16000000,0.995217,0.62464,16100000,7548,7237,9523,7366,8215
4,16100000,1,0.62559,16200000,4339,3647,4832,2608,3692
4,16200000,1,0.64374,16300000,4077,3258,4565,2449,3364
4,16300000,0.997872,0.62743,16400000,4114,3551,4540,2621,3395
4,16400000,0.99904,0.62023,16500000,4344,3610,4931,3619,3570
4,16500000,1,0.65809,16600000,4288,3189,4683,3937,3343
4,16600000,0.996375,0.62834,16700000,4338,3604,5142,4119,3644
4,16700000,1,0.6407,16800000,4129,3323,4686,4246,3281
4,16800000,0.998103,0.63532,16900000,4312,3324,4788,4166,3412
4,16900000,1,0.62446,17000000,7623,6863,9650,8538,7658
4,17000000,0.999217,0.62561,17100000,3913,3371,4580,3952,3475
4,17100000,1,0.63919,17200000,4553,3618,4552,4222,3599
4,17200000,1,0.63682,17300000,4168,3422,4568,4032,3421
4,17300000,1,0.65265,17400000,4262,3298,4496,4225,3339
4,17400000,1,0.65063,17500000,3988,3124,4544,4025,3289
4,17500000,1,0.64277,17600000,4009,3264,4695,3875,3187
4,17600000,0.99886,0.64666,17700000,4178,3270,4669,4073,3427
4,17700000,0.996048,0.66644,17800000,4540,3311,5007,4374,3522
4,17800000,0.998637,0.63552,17900000,4309,3405,4903,4403,3508
4,17900000,0.996835,0.58627,18000000,4511,3948,5044,4792,3968
4,18000000,0.99948,0.60457,18100000,4671,3817,5077,4311,3775
4,18100000,1,0.62521,18200000,4072,3448,4674,4065,3326
4,18200000,0.99551,0.63416,18300000,4206,3300,4689,3814,3338
4,18300000,1,0.62742,18400000,4376,3465,4938,4131,3495
4,18400000,1,0.64888,18500000,3980,3004,4103,3963,3175
5,0,0.984825,0.62843,100000,4716,3689,5148,4677,3684
5,100000,0.999405,0.62321,200000,4517,3725,4890,4520,3520
5,200000,0.99975,0.61203,300000,4218,3496,4591,4044,3378
5,300000,0.999377,0.62645,400000,4968,3627,5325,4215,4028
5,400000,0.99931,0.63473,500000,4125,3478,4538,3923,3217
5,500000,1,0.64368,600000,4189,3235,4599,4041,3245
5,600000,0.99952,0.62108,700000,4405,3749,4949,4277,3515
5,700000,0.999927,0.63693,800000,4012,3177,4511,4058,3229
5,800000,1,0.63,900000,4551,3717,5365,4255,3767
5,900000,0.999626,0.64838,1000000,4092,3219,4891,3872,3483
5,1000000,0.99976,0.64113,1100000,3871,3052,4626,3925,3408
5,1100000,1,0.63461,1200000,4862,3752,5057,4757,3992
5,1200000,1,0.63354,1300000,4323,3436,4666,4029,3474
5,1300000,1,0.62182,1400000,4069,3154,4657,4028,3295
5,1400000,0.9997,0.63232,1500000,4200,3309,4549,4157,3310
5,1500000,1,0.62945,1600000,3935,3266,4655,3717,3057
5,1600000,0.99691,0.62461,1700000,4426,3447,4663,4160,3455
5,1700000,1,0.63321,1800000,3920,3433,4753,3865,3479
5,1800000,0.999643,0.64011,1900000,4615,3699,4805,4425,3577
5,1900000,1,0.63913,2000000,4455,3702,4983,4327,3527
5,2000000,0.99958,0.63912,2100000,4316,3561,4946,4332,3504
5,2100000,0.999052,0.63131,2200000,4175,3304,4585,4143,3447
5,2200000,0.99991,0.63463,2300000,4226,3338,4634,4051,3357
5,2300000,1,0.62863,2400000,4241,3324,4435,4219,3496
5,2400000,1,0.63077,2500000,4626,3733,5137,4294,3688
5,2500000,1,0.62571,2600000,4329,3498,4900,4195,3580
5,2600000,0.998203,0.63682,2700000,4457,3297,4805,4173,3450
5,2700000,1,0.61457,2800000,4334,3782,4756,4167,3392
5,2800000,1,0.62178,2900000,4487,3580,4476,4201,3472
5,2900000,0.99072,0.62209,3000000,4409,3457,4852,4410,3732
5,3000000,0.999182,0.633,3100000,4318,3440,4609,4030,3418
5,3100000,0.998773,0.64721,3200000,6172,4949,6527,6453,5708
5,3200000,0.987652,0.63139,3300000,4861,4133,4988,4985,4069
5,3300000,0.998903,0.62904,3400000,4551,3728,4515,4796,3591
5,3400000,1,0.62725,3500000,4065,3343,4284,3945,3402
5,3500000,0.99942,0.64242,3600000,4573,3588,4684,4329,3563
5,3600000,1,0.63666,3700000,4524,3468,4689,4516,3610
5,3700000,1,0.63455,3800000,4364,3432,4461,3954,3459
5,3800000,1,0.64231,3900000,4716,3717,4625,4428,3906
5,3900000,0.99991,0.62808,4000000,4169,3434,4436,4429,3431
5,4000000,0.997315,0.62708,4100000,4393,3785,4740,4552,3655
5,4100000,0.997795,0.6371,4200000,4120,3364,4526,4247,3333
5,4200000,0.974032,0.63013,4300000,4304,3637,4535,4297,3541
5,4300000,0.996567,0.60776,4400000,4221,3617,4169,4188,3680
5,4400000,0.99963,0.61775,4500000,4564,3860,4476,4471,3617
5,4500000,0.99945,0.61831,4600000,4487,3694,4587,4380,3697
5,4600000,0.99995,0.63169,4700000,4426,3387,4764,3913,3588
5,4700000,0.978728,0.63395,4800000,4350,3505,4591,4145,3461
5,4800000,0.9996,0.63314,4900000,4061,3423,4629,3918,3380
5,4900000,0.999975,0.64993,5000000,4157,3228,4622,3985,3405
5,5000000,0.996248,0.62724,5100000,4102,3311,4543,3921,3449
5,5100000,0.996997,0.63004,5200000,4251,3327,4537,4015,3523
5,5200000,1,0.63918,5300000,4384,3334,4651,3910,3445
5,5300000,0.99897,0.624,5400000,4230,3371,4678,3947,3488
5,5400000,0.999075,0.65058,5500000,4198,3361,4741,4191,3376
5,5500000,1,0.62375,5600000,4333,3639,4506,4474,3614
5,5600000,0.984758,0.63741,5700000,4451,3524,4602,4226,3649
5,5700000,0.981187,0.64275,5800000,4115,3375,4515,4159,3328
5,5800000,1,0.64836,5900000,4307,3326,4692,3953,3472
5,5900000,1,0.63195,6000000,3746,3087,4357,3732,3128
5,6000000,1,0.63795,6100000,4603,4073,5877,5033,4291
5,6100000,1,0.63941,6200000,4462,3477,4649,4234,3516
5,6200000,0.994025,0.63228,6300000,4196,3387,4601,4169,3416
5,6300000,0.999185,0.64333,6400000,4591,3404,4844,4134,3805
5,6400000,1,0.64301,6500000,4170,3302,4356,4085,3367
5,6500000,1,0.62481,6600000,4485,3772,4901,4440,3721
5,6600000,0.972945,0.62799,6700000,4132,3248,4344,4212,3285
5,6700000,1,0.62736,6800000,4638,3766,4835,4459,3800
5,6800000,1,0.62705,6900000,4276,3384,4807,4100,3377
5,6900000,0.997268,0.63658,7000000,4170,3216,4417,3903,3315
5,7000000,0.999582,0.63508,7100000,3825,3207,4373,4070,3160
5,7100000,0.999525,0.63463,7200000,4375,3562,4581,4249,3485
5,7200000,1,0.6392,7300000,4050,3249,4698,3952,3218
5,7300000,0.999523,0.64691,7400000,4135,3082,4663,3924,3311
5,7400000,0.99924,0.65446,7500000,4163,3460,4403,4258,3471
5,7500000,0.99292,0.63709,7600000,4025,3352,4534,4214,3428
5,7600000,0.99712,0.65817,7700000,4824,3754,5187,4376,3825
5,7700000,0.999495,0.64575,7800000,4407,3369,4386,4244,3644
5,7800000,0.996973,0.64666,7900000,4023,3340,4313,4090,3320
5,7900000,1,0.64024,8000000,4335,3499,4451,4198,3548
5,8000000,1,0.64014,8100000,3966,3203,4525,4151,3335
5,8100000,0.998723,0.65807,8200000,4238,3247,4475,4026,3485
5,8200000,0.994005,0.65637,8300000,4143,3195,4640,4058,3381
5,8300000,1,0.65659,8400000,4316,3338,4624,4235,3353
5,8400000,0.999765,0.64224,8500000,4471,3437,4509,4275,3679
5,8500000,0.999863,0.65152,8600000,4014,3094,4038,3848,3128
5,8600000,0.988568,0.65354,8700000,3711,2974,4052,3739,3070
5,8700000,0.990604,0.66194,8800000,4083,3072,4395,3980,3166
5,8800000,0.998982,0.6604,8900000,4257,3202,4680,4182,3376
5,8900000,0.979714,0.64888,9000000,4536,3745,4621,4715,3844
5,9000000,0.994056,0.66327,9100000,4178,3275,4339,4252,3377
5,9100000,0.997159,0.65471,9200000,3950,3056,4266,4124,3320
5,9200000,0.988186,0.66082,9300000,3663,2674,3839,3412,2811
5,9300000,0.998106,0.68609,9400000,3810,2835,4081,3767,2997
5,9400000,0.998825,0.63903,9500000,4146,3243,4467,4020,3275
5,9500000,0.99354,0.64691,9600000,4076,3257,4471,4161,3031
5,9600000,0.99839,0.66142,9700000,3940,3100,4214,3901,3130
5,9700000,0.999402,0.65291,9800000,4118,3356,4189,4073,3311
5,9800000,0.999445,0.66022,9900000,3638,2897,3984,3757,2999
5,9900000,0.992627,0.6416,10000000,3854,3187,4208,3925,3228
5,10000000,0.999535,0.65484,10100000,4698,3700,4477,4627,3804
5,10100000,0.94553,0.6425,10200000,4338,3331,4391,3882,3624
5,10200000,0.899573,0.65229,10300000,4777,3548,4144,4598,3519
5,10300000,0.867775,0.61743,10400000,3417,2869,3653,3528,2874
5,10400000,0.947206,0.65814,10500000,4974,3543,4606,4470,3688
5,10500000,0.991661,0.64901,10600000,4326,3378,4011,4460,3410
5,10600000,0.99927,0.65356,10700000,4013,3068,4006,4056,3215
5,10700000,0.991295,0.63935,10800000,4138,3423,4021,4332,3304
5,10800000,0.996592,0.65981,10900000,4423,3536,4667,4666,3417
5,10900000,0.994529,0.65518,11000000,4296,3468,4215,4305,3417
5,11000000,0.989316,0.61469,11100000,4631,3932,4730,5011,3863
5,11100000,0.962924,0.57983,11200000,33016,17105,17293,21441,16290
5,11200000,0.846197,0.6346,11300000,4359,3763,4436,4353,3616
5,11300000,0.948514,0.60309,11400000,5586,4725,5293,5615,4419
5,11400000,0.997672,0.60852,11500000,4346,3829,4305,4663,3573
5,11500000,0.997218,0.61186,11600000,4119,3595,4226,4230,3460
5,11600000,0.882326,0.61148,11700000,6036,5054,6056,5974,4834
5,11700000,0.876332,0.59595,11800000,48366,43775,40431,48298,40204
5,11800000,0.616991,0.60447,11900000,6603,5993,6158,6919,5596
5,11900000,0.834548,0.60585,12000000,7551,6599,7251,7745,6167
5,12000000,0.962804,0.61246,12100000,7339,6302,6752,7105,5786
5,12100000,0.975041,0.56851,12200000,4763,4141,4538,4860,3976
5,12200000,0.998232,0.59209,12300000,4279,3529,4424,4616,3613
5,12300000,0.997766,0.61712,12400000,3377,2763,3311,3359,2755
5,12400000,0.983942,0.62583,12500000,4345,3450,4193,4478,3527
5,12500000,0.996389,0.63122,12600000,4769,3785,5100,4741,3982
5,12600000,0.994023,0.63348,12700000,4166,3580,4182,4276,3432
5,12700000,0.976661,0.5911,12800000,3084,2767,2855,3382,2441
5,12800000,0.518975,0.5899,12900000,5985,4763,6078,6380,4784
5,12900000,0.99993,0.61174,13000000,5519,4762,5744,5704,5134
5,13000000,0.997945,0.62646,13100000,3623,2970,3453,3859,2920
5,13100000,0.99107,0.61208,13200000,4759,4222,4562,4904,3919
5,13200000,0.918379,0.64306,13300000,5066,4102,4755,5204,4059
5,13300000,0.998527,0.61996,13400000,6569,5480,7196,6905,5968
5,13400000,0.973995,0.65355,13500000,4748,3825,4697,5084,3805
5,13500000,0.99926,0.66358,13600000,4555,3502,4898,4599,3532
5,13600000,0.99972,0.67423,13700000,4529,3241,4535,4451,3315
5,13700000,0.99482,0.65533,13800000,4591,3664,4759,4839,3694
5,13800000,0.993415,0.65787,13900000,4193,3151,4080,4075,3140
5,13900000,0.987367,0.6495,14000000,4577,3442,4598,4480,3421
5,14000000,0.994334,0.67424,14100000,4016,3132,4326,4046,3341
5,14100000,0.953289,0.65913,14200000,4433,3411,4472,4493,3557
5,14200000,0.9995,0.65996,14300000,5200,3724,4917,5078,3932
5,14300000,0.585982,0.70375,14400000,2545,1901,2819,2585,2026
5,14400000,0.491338,0.67783,14500000,2396,1825,2529,2528,1881
5,14500000,0.910953,0.63963,14600000,4326,3509,4270,4579,3488
5,14600000,0.99996,0.67021,14700000,4549,3428,4570,4513,3580
5,14700000,0.998605,0.65329,14800000,4815,3694,4620,4760,3663
5,14800000,0.992215,0.6557,14900000,3872,3361,4443,4134,3197
5,14900000,0.986401,0.66257,15000000,3489,2804,3850,4181,2905
5,15000000,0.997987,0.68462,15100000,4011,2731,3830,3679,2943
5,15100000,0.996801,0.69094,15200000,5002,3609,6207,5506,4649
5,15200000,0.998902,0.64581,15300000,3782,2967,4279,4002,3113
5,15300000,0.982171,0.64914,15400000,4402,3517,4689,4471,3398
5,15400000,0.994055,0.64194,15500000,5168,4344,6416,5913,4818
5,15500000,0.999332,0.65988,15600000,3905,3074,4159,4144,3185
5,15600000,0.865149,0.6484,15700000,5104,3820,4975,5238,3969
5,15700000,0.995478,0.66275,15800000,3823,2887,3969,3860,2899
5,15800000,0.996995,0.65599,15900000,4181,3302,4303,4313,3421
5,15900000,0.998495,0.64974,16000000,4156,3279,4838,4324,3535
5,16000000,0.999755,0.65109,16100000,4186,3211,4331,4110,3313
5,16100000,1,0.65998,16200000,5637,4264,6022,5863,4953
5,16200000,0.998945,0.64457,16300000,4035,3144,4369,4316,3227
5,16300000,0.99904,0.65268,16400000,4420,3433,4797,4670,3481
5,16400000,0.999045,0.63484,16500000,4146,3468,4765,4617,3458
5,16500000,1,0.66682,16600000,3892,2967,4349,4079,3258
5,16600000,0.99845,0.63974,16700000,4173,3421,4747,4763,3629
5,16700000,1,0.63245,16800000,3988,3056,4285,4078,3347
5,16800000,0.998285,0.64518,16900000,4547,3476,4746,4245,3440
5,16900000,0.993821,0.64119,17000000,3897,3287,4314,4179,3036
5,17000000,0.994254,0.67545,17100000,4538,3304,4824,4386,3637
5,17100000,0.997095,0.64827,17200000,4293,3358,4770,3804,3172
5,17200000,0.990757,0.65204,17300000,3873,2914,4416,3662,2958
5,17300000,0.999179,0.65146,17400000,3840,3013,4243,3896,2891
5,17400000,0.99175,0.65954,17500000,3738,2828,3958,3751,2932
5,17500000,0.99826,0.64761,17600000,4067,3284,4568,4056,3246
5,17600000,0.99542,0.64361,17700000,4204,3367,4648,4262,3217
5,17700000,0.997699,0.65607,17800000,4269,3298,4481,4298,3065
5,17800000,0.981533,0.64201,17900000,4617,3391,4420,4084,3138
5,17900000,0.9966,0.66784,18000000,4405,2999,4118,3936,2825
5,18000000,0.9997,0.64407,18100000,4079,3061,4494,3960,3008
5,18100000,0.891911,0.63498,18200000,3761,3122,4110,3711,2935
5,18200000,0.998591,0.65184,18300000,3582,2825,3898,3631,2802
5,18300000,1,0.65256,18400000,3673,2782,4268,3482,2807
5,18400000,0.962923,0.6275,18500000,3558,2972,4110,3545,2756
5,18500000,0.999553,0.66337,18600000,3955,3037,4407,3880,2920
5,18600000,0.996724,0.66925,18700000,4535,3599,4979,4672,4023
5,18700000,0.998718,0.65244,18800000,4247,3199,4701,4133,3084
5,18800000,0.970765,0.64001,18900000,3926,3478,4565,3979,3051
5,18900000,0.99492,0.65955,19000000,4110,3195,4353,4059,3126
5,19000000,0.999155,0.65177,19100000,3863,3056,4132,3817,3040
5,19100000,0.99935,0.66364,19200000,3887,3059,4390,3956,2976
5,19200000,1,0.61865,19300000,4470,3776,5073,4265,3449
5,19300000,1,0.60992,19400000,4047,3447,4403,4009,3236
5,19400000,0.998757,0.66771,19500000,3946,2902,4126,3800,2944
5,19500000,0.995908,0.64581,19600000,4323,3492,4431,4393,3208
5,19600000,0.99979,0.64629,19700000,5917,4258,5996,6247,4431
5,19700000,0.997843,0.65231,19800000,4118,3085,4485,4031,3162
5,19800000,0.998815,0.63756,19900000,4892,3890,5108,5010,3793
5,19900000,0.997617,0.64169,20000000,4460,3641,4849,4424,3403
5,20000000,1,0.64978,20100000,4591,3303,4816,4641,3551
5,20100000,0.99735,0.64171,20200000,4264,3330,4397,4109,3233
5,20200000,0.992253,0.64681,20300000,4469,3468,4648,4222,3471
5,20300000,0.999173,0.64653,20400000,4370,3410,4794,4136,3341
5,20400000,0.999648,0.65383,20500000,4631,3536,4948,4292,3607
5,20500000,0.822765,0.65295,20600000,3703,2892,4048,3581,2783
5,20600000,0.844543,0.66501,20700000,3531,2747,4126,3318,2773
5,20700000,1,0.63529,20800000,4614,3687,4799,4543,3410
5,20800000,1,0.62241,20900000,4394,3660,4545,4478,3508
5,20900000,0.99896,0.64004,21000000,3935,3268,4342,3747,3067
5,21000000,1,0.65114,21100000,4194,3144,4530,3881,3100
5,21100000,0.995972,0.6546,21200000,4368,3421,4797,4177,3441
5,21200000,1,0.63794,21300000,4036,3348,4395,4039,3095
5,21300000,1,0.64637,21400000,4071,3316,4422,4068,3301
5,21400000,0.99943,0.64998,21500000,3900,3172,4405,4129,3109
5,21500000,0.999657,0.65246,21600000,4289,3396,4708,4123,3335
5,21600000,1,0.65436,21700000,4214,3280,4525,4147,3194
5,21700000,0.999855,0.64695,21800000,4712,3637,5306,4458,3454
5,21800000,0.995878,0.65138,21900000,4327,3178,4831,4218,3201
5,21900000,0.99896,0.64279,22000000,4069,3367,4557,4092,3102
5,22000000,0.984857,0.6527,22100000,4127,3334,4440,4062,3025
5,22100000,1,0.65776,22200000,4531,3553,4795,4410,3482
5,22200000,1,0.64733,22300000,4091,3234,4663,3970,3046
5,22300000,1,0.637,22400000,3999,3164,4401,3836,3031
5,22400000,1,0.62802,22500000,4098,3506,4715,4187,3359
5,22500000,0.999065,0.6352,22600000,4157,3387,4460,3921,3063
5,22600000,0.971962,0.63898,22700000,4164,3293,4596,3964,3074
5,22700000,1,0.64891,22800000,3942,3206,4457,3977,3059
5,22800000,0.991622,0.65187,22900000,4206,3293,4574,4063,3247
5,22900000,0.997081,0.64869,23000000,4557,3571,5062,4163,3349
5,23000000,0.999222,0.65196,23100000,4396,3327,4977,4062,3180
5,23100000,0.995675,0.64912,23200000,4046,3075,4310,3847,3026
5,23200000,0.99971,0.65292,23300000,4301,3238,4621,4100,3161
5,23300000,0.99737,0.6517,23400000,4117,3232,4559,3885,3149
5,23400000,0.99481,0.62,23500000,4216,3606,4835,4152,3450
5,23500000,0.99993,0.60281,23600000,4111,3534,4689,4035,3233
5,23600000,1,0.61483,23700000,4492,3762,4560,4484,3461
5,23700000,0.996676,0.6265,23800000,4346,3496,4801,4256,3337
5,23800000,0.999715,0.63836,23900000,3901,3104,4653,3774,2999
5,23900000,1,0.64452,24000000,4280,3324,4625,4134,3246
5,24000000,0.992574,0.63464,24100000,4494,3645,5082,4468,3546
5,24100000,0.999275,0.63987,24200000,4251,3406,4789,4361,3244
5,24200000,0.995987,0.62837,24300000,5480,4655,6336,5576,4660
5,24300000,0.99825,0.65453,24400000,4265,3319,4699,4089,3285
5,24400000,0.999605,0.65327,24500000,4109,3083,4143,3916,3072
5,24500000,1,0.63871,24600000,3802,3124,4556,3935,3205
5,24600000,0.99896,0.63689,24700000,4495,3450,5123,4128,3511
5,24700000,0.99953,0.63823,24800000,4047,3312,4667,4198,3233
5,24800000,0.999525,0.62326,24900000,4114,3369,4739,3920,3312
5,24900000,1,0.64558,25000000,4562,3392,4766,4119,3494
5,25000000,1,0.64813,25100000,4214,3368,4679,4074,3145
5,25100000,0.99919,0.64239,25200000,3912,3352,4510,3898,3089
5,25200000,0.99669,0.64236,25300000,4246,3390,4886,4268,3177
5,25300000,1,0.63595,25400000,4217,3386,4599,4147,3322
5,25400000,1,0.63789,25500000,17454,16549,20252,22187,20849
5,25500000,0.999995,0.62473,25600000,4262,3545,5051,4179,3322
5,25600000,1,0.62921,25700000,4241,3531,4871,3856,3204
5,25700000,1,0.62323,25800000,4474,3643,4634,4286,3419
5,25800000,0.996,0.64502,25900000,3988,3181,4662,4084,3146
5,25900000,1,0.64343,26000000,4560,3624,5232,4590,3531
5,26000000,0.99983,0.64906,26100000,4128,3205,4808,3922,3360
5,26100000,1,0.64604,26200000,4011,3250,4829,3839,3217
5,26200000,1,0.64644,26300000,4060,3307,4555,4023,3244
5,26300000,1,0.62786,26400000,4354,3557,4987,4279,3419
5,26400000,0.996625,0.60176,26500000,4261,3737,4723,4488,3308
5,26500000,1,0.62025,26600000,7343,7019,8988,9428,7871
5,26600000,1,0.63908,26700000,4080,3248,4429,4150,3061
5,26700000,1,0.63328,26800000,4382,3319,4902,4112,3364
5,26800000,0.999517,0.63652,26900000,4191,3143,4724,3963,3209
